date,category,payment_mode,description,amount_paid,cashback
2024-01-20,Groceries,Netbanking,Grocery Shopping,4680.97,0.0
2024-01-26,Personal Spending,Online,Haircut,1084.61,247.84
2024-01-07,Investments,Wallet,Stocks Purchase,3229.74,220.47
2024-01-22,Food,Wallet,Lunch Bills,3183.19,239.52
2024-01-12,Transportation,Debit Card,Bus Ticket,4334.46,126.75
2024-01-26,Personal Spending,Debit Card,Haircut,2861.31,288.66
2024-01-23,Fruits & Vegetables,Debit Card,Fruits,2260.7,128.0
2024-01-13,Personal Spending,Cash,Haircut,2674.33,342.89
2024-01-05,Stationary,Debit Card,Notebooks,1969.04,385.72
2024-01-12,Groceries,Debit Card,Pulses & Grains,1258.34,218.13
2024-01-08,Sports & Fitness,Debit Card,Gym Membership,4427.8,414.84
2024-01-09,Subscriptions,Wallet,Amazon Subscription,119.93,283.15
2024-01-13,Home Essentials,Wallet,Cleaning Supplies,1379.02,0.0
2024-01-08,Bills,Debit Card,Internet Bills,964.77,306.61
2024-01-21,Food,Wallet,Cafe,3872.66,330.45
2024-01-15,Personal Spending,Wallet,Haircut,525.11,58.43
2024-01-30,Investments,Netbanking,Fixed Deposits,124.64,87.85
2024-01-06,Investments,Online,Investment Bonds,4012.53,352.07
2024-01-16,Transportation,Wallet,Train Ticket,1115.8,432.35
2024-01-01,Transportation,Cash,Taxi Fare,1281.95,321.69
2024-01-22,Personal Spending,Credit Card,Clothing,1154.72,227.08
2024-01-24,Home Essentials,Wallet,Furniture,2617.38,0.0
2024-01-02,School Fees,Netbanking,Trips,345.12,112.08
2024-01-15,Food,UPI,Cafe,4967.19,0.0
2024-01-11,Transportation,Wallet,Bus Ticket,2923.83,88.14
2024-01-10,Groceries,Debit Card,Dry Fruits,1986.35,418.53
2024-01-28,Personal Spending,Wallet,Cosmetics,1823.98,190.63
2024-01-12,Sports & Fitness,UPI,Cricket Kit,3833.68,462.99
2024-01-01,Bills,Online,Electricity Bills,2828.22,15.69
2024-01-07,Investments,Debit Card,Fixed Deposits,2744.36,105.88
2024-01-10,Investments,UPI,Fixed Deposits,608.24,326.53
2024-01-02,Bills,Online,Electricity Bills,805.1,407.31
2024-01-13,Stationary,UPI,Notebooks,4252.11,348.94
2024-01-12,Food,Netbanking,Lunch Bills,4123.53,496.41
2024-01-19,Subscriptions,Online,Spotify Subscription,4796.55,374.82
2024-01-18,Investments,Wallet,Investment Bonds,1961.13,0.0
2024-01-11,School Fees,Debit Card,Trips,62.29,122.62
2024-01-14,Home Essentials,Wallet,Cleaning Supplies,3519.22,311.63
2024-01-29,Bills,Credit Card,Electricity Bills,800.53,233.94
2024-01-27,Groceries,Online,Grocery Shopping,4382.87,416.67
2024-01-24,Groceries,Credit Card,Pulses & Grains,3520.81,0.0
2024-01-28,School Fees,Cash,School Fees,3753.71,396.7
2024-01-02,Personal Spending,UPI,Haircut,4117.4,411.09
2024-01-19,Food,Online,Snacks,4585.83,98.23
2024-01-05,Bills,Debit Card,Water Bills,3815.62,410.36
2024-01-10,Personal Spending,Wallet,Cosmetics,1655.38,0.0
2024-01-12,Bills,Credit Card,Water Bills,3605.35,273.17
2024-01-03,School Fees,UPI,Trips,284.28,233.02
2024-01-17,Groceries,Wallet,Dry Fruits,4717.65,0.0
2024-01-10,Subscriptions,Online,Spotify Subscription,138.89,390.05
2024-01-02,Bills,Online,Water Bills,562.51,78.38
2024-01-10,Bills,Credit Card,Electricity Bills,2540.71,453.05
2024-01-11,Home Essentials,Wallet,Furniture,4311.26,182.03
2024-01-06,Stationary,UPI,Pens & Pencils,4863.73,41.88
2024-01-30,Fruits & Vegetables,Online,Fruits,1853.03,0.0
2024-01-23,Food,Netbanking,Takeaway,4770.68,0.0
2024-01-12,Fruits & Vegetables,Wallet,Fruits,4375.21,39.24
2024-01-30,School Fees,Netbanking,Books & Stationary,4953.77,90.29
2024-01-18,Subscriptions,Credit Card,Amazon Subscription,4385.86,383.0
2024-01-30,Groceries,UPI,Grocery Shopping,2342.03,476.3
2024-01-18,Food,Netbanking,Lunch Bills,3445.18,390.31
2024-01-25,Personal Spending,Online,Clothing,2048.03,310.57
2024-01-13,Transportation,UPI,Tours,1048.4,441.85
2024-01-14,Fruits & Vegetables,Online,Vegetables,4343.06,25.98
2024-01-26,School Fees,Online,Tuition Fees,4861.36,298.69
2024-01-14,Investments,Netbanking,Stocks Purchase,4899.92,55.33
2024-01-27,Subscriptions,Credit Card,Spotify Subscription,3343.92,355.01
2024-01-23,Fruits & Vegetables,Cash,Vegetables,1618.98,298.31
2024-01-22,Subscriptions,Wallet,Netflix Subscription,777.03,65.98
2024-01-08,Groceries,Debit Card,Dry Fruits,422.89,427.71
2024-01-30,Stationary,Wallet,Paper,4008.59,452.95
2024-01-19,Home Essentials,Debit Card,Cleaning Supplies,4791.55,0.0
2024-01-30,Bills,Online,Electricity Bills,843.09,65.69
2024-01-06,Transportation,Netbanking,Fuel,4782.57,379.86
2024-01-05,School Fees,Netbanking,Trips,916.24,9.19
2024-01-25,Investments,Online,Stocks Purchase,63.73,0.0
2024-01-08,School Fees,Wallet,Books & Stationary,394.39,58.85
2024-01-01,Groceries,Wallet,Grocery Shopping,2078.19,73.54
2024-01-01,Stationary,Wallet,Notebooks,4699.68,61.5
2024-01-04,Personal Spending,UPI,Haircut,1258.21,0.0
2024-01-04,Personal Spending,Wallet,Cosmetics,383.86,71.04
2024-02-25,Transportation,Online,Fuel,3672.9,396.07
2024-02-04,Transportation,Netbanking,Fuel,4158.57,383.03
2024-02-06,Food,Wallet,Takeaway,1906.79,14.73
2024-02-06,Investments,Debit Card,Investment Bonds,920.79,254.66
2024-02-13,School Fees,Credit Card,School Fees,1847.14,293.21
2024-02-15,Bills,Online,Electricity Bills,4575.94,190.84
2024-02-17,Fruits & Vegetables,Online,Vegetables,4573.75,238.15
2024-02-16,Subscriptions,Online,Amazon Subscription,3384.81,0.0
2024-02-23,Food,Credit Card,Dinner,157.52,399.33
2024-02-10,Bills,Credit Card,Electricity Bills,2753.4,394.8
2024-02-13,Subscriptions,Credit Card,Netflix Subscription,4840.06,10.61
2024-02-26,Subscriptions,Wallet,Netflix Subscription,4233.11,446.61
2024-02-28,Home Essentials,Netbanking,Cookware,4272.94,300.51
2024-02-25,Stationary,UPI,Pens & Pencils,1752.64,116.83
2024-02-04,Home Essentials,Online,Cleaning Supplies,2840.55,348.85
2024-02-19,Food,Debit Card,Snacks,2726.85,176.13
2024-02-18,Sports & Fitness,Netbanking,Cricket Kit,2622.47,235.75
2024-02-18,Fruits & Vegetables,Cash,Fruits,4912.08,0.0
2024-02-18,Groceries,Cash,Dry Fruits,2289.89,411.72
2024-02-14,Bills,UPI,Internet Bills,121.0,493.34
2024-02-19,Subscriptions,Netbanking,Spotify Subscription,132.64,0.0
2024-02-13,School Fees,Online,Books & Stationary,348.9,422.57
2024-02-09,Personal Spending,Wallet,Haircut,995.2,210.98
2024-02-19,Sports & Fitness,Wallet,Cricket Kit,1834.37,64.72
2024-02-09,Groceries,Credit Card,Grocery Shopping,3546.86,250.73
2024-02-05,Home Essentials,Online,Cleaning Supplies,2531.71,0.0
2024-02-07,Personal Spending,Wallet,Clothing,1060.42,185.95
2024-02-01,Home Essentials,Online,Furniture,4506.08,27.92
2024-02-18,Groceries,Netbanking,Chocolates & Biscuits,1221.63,0.0
2024-02-21,Groceries,Cash,Pulses & Grains,3241.86,326.87
2024-02-22,Home Essentials,Netbanking,Furniture,995.17,279.59
2024-02-13,Groceries,Credit Card,Dry Fruits,3617.22,91.63
2024-02-28,Stationary,Netbanking,Notebooks,619.96,164.41
2024-02-08,Home Essentials,Debit Card,Cookware,3313.31,0.0
2024-02-25,Investments,Cash,Stocks Purchase,3436.45,90.37
2024-02-07,Personal Spending,Wallet,Haircut,3345.02,242.04
2024-02-24,Stationary,Wallet,Paper,3444.35,284.3
2024-02-22,Fruits & Vegetables,UPI,Fruits,3332.02,428.88
2024-02-03,Subscriptions,Cash,Spotify Subscription,1533.98,237.43
2024-02-09,School Fees,Wallet,Books & Stationary,2243.46,200.21
2024-02-22,Subscriptions,Credit Card,Netflix Subscription,2907.11,27.09
2024-02-04,Transportation,Wallet,Fuel,3330.35,61.11
2024-02-02,School Fees,Online,Trips,3417.9,99.51
2024-02-19,Personal Spending,Debit Card,Cosmetics,2662.3,278.78
2024-02-08,Food,Credit Card,Takeaway,10.05,263.05
2024-02-12,Personal Spending,UPI,Clothing,3549.48,342.59
2024-02-24,Transportation,Wallet,Bus Ticket,2305.23,373.6
2024-02-13,Personal Spending,Wallet,Clothing,2805.78,363.89
2024-02-01,Stationary,Credit Card,Notebooks,4428.75,154.36
2024-02-06,Stationary,Online,Notebooks,3574.47,214.09
2024-02-12,Investments,Online,Investment Bonds,876.03,200.57
2024-02-07,Sports & Fitness,Credit Card,Cricket Kit,1348.35,104.0
2024-02-03,Bills,Credit Card,Internet Bills,3779.66,499.84
2024-02-17,Food,UPI,Takeaway,134.25,154.92
2024-02-21,Home Essentials,Debit Card,Furniture,1140.16,394.12
2024-02-17,Sports & Fitness,UPI,Gym Membership,4541.43,471.5
2024-02-28,Groceries,Online,Pulses & Grains,3772.9,89.51
2024-02-02,Transportation,UPI,Train Ticket,4579.62,275.7
2024-02-05,Groceries,Netbanking,Dry Fruits,3314.49,275.98
2024-02-15,Groceries,Online,Pulses & Grains,1898.93,216.34
2024-02-23,School Fees,Cash,Books & Stationary,1821.46,0.0
2024-02-23,Bills,Credit Card,Water Bills,2134.88,341.51
2024-02-27,Stationary,Debit Card,Paper,2104.91,0.0
2024-02-17,Groceries,Cash,Grocery Shopping,1032.67,40.45
2024-02-09,Stationary,Cash,Paper,3690.61,341.21
2024-02-19,Fruits & Vegetables,Debit Card,Fruits,777.13,281.96
2024-02-27,Investments,Credit Card,Fixed Deposits,2567.03,329.52
2024-02-20,Bills,Wallet,Water Bills,4401.27,151.79
2024-02-21,Stationary,Cash,Notebooks,544.5,65.02
2024-02-06,Stationary,Wallet,Pens & Pencils,1217.38,123.51
2024-02-08,Sports & Fitness,Debit Card,Yoga Class,4290.48,35.98
2024-02-05,Bills,Debit Card,Water Bills,2498.76,246.62
2024-02-01,Sports & Fitness,Debit Card,Gym Membership,3571.07,236.14
2024-02-01,Fruits & Vegetables,Online,Fruits,3025.27,0.0
2024-02-09,Transportation,Wallet,Bus Ticket,1207.12,251.65
2024-02-23,Groceries,Credit Card,Dry Fruits,4366.32,445.43
2024-02-04,Sports & Fitness,UPI,Yoga Class,1874.96,428.52
2024-02-10,Sports & Fitness,Online,Cricket Kit,4048.94,488.35
2024-02-02,Subscriptions,Wallet,Spotify Subscription,628.95,216.09
2024-02-08,Home Essentials,Debit Card,Cleaning Supplies,1898.84,169.79
2024-02-03,School Fees,UPI,Tuition Fees,2069.99,0.0
2024-03-15,Sports & Fitness,Online,Cricket Kit,3035.08,281.03
2024-03-03,Home Essentials,Cash,Furniture,4416.51,211.16
2024-03-25,Transportation,UPI,Bus Ticket,845.17,472.96
2024-03-05,Transportation,Online,Fuel,753.72,51.96
2024-03-24,Fruits & Vegetables,Debit Card,Vegetables,1258.02,102.86
2024-03-09,School Fees,Debit Card,Trips,1798.63,262.68
2024-03-10,Home Essentials,Netbanking,Cookware,3786.53,411.55
2024-03-23,Subscriptions,Debit Card,Amazon Subscription,223.91,453.65
2024-03-07,Investments,Online,Stocks Purchase,2206.91,0.0
2024-03-10,Personal Spending,Netbanking,Haircut,1250.71,55.75
2024-03-21,Sports & Fitness,Online,Gym Membership,4657.17,428.27
2024-03-30,Subscriptions,Wallet,Amazon Subscription,4719.52,0.0
2024-03-14,Food,Cash,Snacks,2795.32,249.1
2024-03-15,Groceries,Cash,Milk & Eggs,3942.11,0.0
2024-03-24,Personal Spending,Online,Haircut,4390.22,172.64
2024-03-09,Transportation,Wallet,Tours,3731.93,482.85
2024-03-21,School Fees,Debit Card,Trips,2409.38,253.57
2024-03-21,Food,UPI,Takeaway,2348.59,202.19
2024-03-30,Subscriptions,UPI,Netflix Subscription,2638.03,423.6
2024-03-19,Investments,Debit Card,Investment Bonds,4099.08,379.45
2024-03-13,Home Essentials,Debit Card,Furniture,3908.67,53.44
2024-03-18,Personal Spending,Credit Card,Cosmetics,604.97,38.09
2024-03-10,Bills,Online,Water Bills,3947.54,334.59
2024-03-22,Home Essentials,UPI,Furniture,3918.77,307.08
2024-03-27,Sports & Fitness,Netbanking,Gym Membership,1903.24,377.02
2024-03-21,Bills,Credit Card,Water Bills,4400.67,193.11
2024-03-16,Transportation,Credit Card,Tours,4528.46,494.84
2024-03-08,Personal Spending,Netbanking,Cosmetics,2314.77,94.44
2024-03-22,Groceries,Cash,Pulses & Grains,515.19,0.0
2024-03-22,Subscriptions,Netbanking,Netflix Subscription,2585.25,199.19
2024-03-12,Transportation,Debit Card,Taxi Fare,3051.48,255.93
2024-03-19,Subscriptions,Credit Card,Amazon Subscription,2361.87,242.96
2024-03-03,Personal Spending,UPI,Clothing,2252.35,193.15
2024-03-15,Subscriptions,Online,Spotify Subscription,385.25,91.17
2024-03-17,Fruits & Vegetables,Credit Card,Fruits,1797.39,222.24
2024-03-28,Transportation,Online,Taxi Fare,4304.49,363.21
2024-03-18,Home Essentials,Netbanking,Cookware,2625.55,377.27
2024-03-06,Investments,Cash,Fixed Deposits,3605.06,43.56
2024-03-16,Transportation,Netbanking,Taxi Fare,2984.61,49.02
2024-03-14,Home Essentials,Netbanking,Cookware,2861.58,0.0
2024-03-17,Groceries,Cash,Milk & Eggs,3553.98,130.08
2024-03-10,Bills,Wallet,Internet Bills,643.4,421.16
2024-03-23,Fruits & Vegetables,Netbanking,Vegetables,3287.26,250.53
2024-03-01,Subscriptions,Credit Card,Netflix Subscription,884.95,368.75
2024-03-05,Food,UPI,Lunch Bills,4446.03,405.07
2024-03-07,Home Essentials,Netbanking,Cookware,279.38,122.15
2024-03-11,Investments,Wallet,Stocks Purchase,4593.85,459.89
2024-03-20,Sports & Fitness,Debit Card,Yoga Class,4545.07,239.54
2024-03-28,Stationary,UPI,Pens & Pencils,995.47,173.68
2024-03-04,School Fees,Online,Trips,4462.81,395.41
2024-03-10,Fruits & Vegetables,Credit Card,Vegetables,3473.6,0.0
2024-03-13,Sports & Fitness,Online,Yoga Class,3969.89,28.09
2024-03-25,Groceries,Wallet,Grocery Shopping,828.19,250.36
2024-03-25,Sports & Fitness,Cash,Cricket Kit,3044.16,189.37
2024-03-25,Personal Spending,Cash,Clothing,4702.82,444.93
2024-03-07,Subscriptions,Debit Card,Spotify Subscription,1848.4,63.37
2024-03-14,Home Essentials,Credit Card,Cookware,2706.17,55.67
2024-03-03,Bills,Credit Card,Electricity Bills,2451.46,0.0
2024-03-13,Personal Spending,Debit Card,Clothing,724.21,95.29
2024-03-15,Food,Wallet,Snacks,3525.92,111.61
2024-03-19,School Fees,UPI,Books & Stationary,862.58,0.19
2024-03-06,Transportation,UPI,Fuel,4627.18,399.61
2024-03-12,Transportation,Credit Card,Train Ticket,4737.76,345.97
2024-03-26,Home Essentials,Wallet,Cleaning Supplies,23.84,424.31
2024-03-20,Bills,Credit Card,Internet Bills,3060.22,140.73
2024-03-09,Bills,UPI,Water Bills,1502.19,319.83
2024-03-09,Investments,Netbanking,Stocks Purchase,4990.66,169.27
2024-03-05,Bills,Wallet,Water Bills,1247.93,199.47
2024-03-19,Personal Spending,Online,Clothing,1872.1,279.31
2024-03-14,Transportation,Cash,Tours,4405.39,480.91
2024-03-10,Sports & Fitness,UPI,Yoga Class,2288.3,369.08
2024-03-14,Fruits & Vegetables,Wallet,Fruits,2414.99,231.18
2024-03-21,Sports & Fitness,Netbanking,Cricket Kit,4550.05,186.04
2024-03-06,Bills,Credit Card,Electricity Bills,2911.84,0.0
2024-03-17,Fruits & Vegetables,Wallet,Fruits,2825.12,15.88
2024-03-20,Food,Debit Card,Cafe,3394.25,305.31
2024-03-05,Transportation,Netbanking,Train Ticket,2413.41,91.11
2024-03-18,Personal Spending,Credit Card,Haircut,698.76,457.76
2024-03-18,School Fees,Debit Card,School Fees,996.79,472.38
2024-03-10,Fruits & Vegetables,Cash,Vegetables,1547.7,483.77
2024-03-22,Investments,Netbanking,Stocks Purchase,2697.26,324.16
2024-03-24,Home Essentials,Netbanking,Cookware,3140.3,8.88
2024-03-10,Sports & Fitness,Cash,Gym Membership,3142.13,0.0
2024-03-16,Home Essentials,Wallet,Cookware,818.62,0.0
2024-03-24,Personal Spending,Credit Card,Cosmetics,2927.73,261.35
2024-03-13,Transportation,UPI,Tours,4650.71,261.63
2024-03-19,Bills,UPI,Internet Bills,3464.9,289.49
2024-03-17,Transportation,Debit Card,Train Ticket,2956.93,0.0
2024-03-09,Personal Spending,Online,Clothing,625.21,156.96
2024-03-12,Personal Spending,Debit Card,Cosmetics,1919.72,102.77
2024-03-15,Fruits & Vegetables,UPI,Fruits,1752.27,288.43
2024-03-19,Investments,Netbanking,Fixed Deposits,1485.42,304.34
2024-03-12,Fruits & Vegetables,Cash,Vegetables,601.89,174.3
2024-03-11,Food,UPI,Takeaway,488.65,6.4
2024-03-05,Subscriptions,Debit Card,Netflix Subscription,912.08,360.04
2024-03-28,Fruits & Vegetables,UPI,Fruits,1801.89,273.61
2024-03-13,Groceries,Cash,Milk & Eggs,3982.78,209.48
2024-04-16,Home Essentials,Debit Card,Furniture,2273.0,111.77
2024-04-14,Sports & Fitness,Cash,Gym Membership,972.06,318.22
2024-04-07,Groceries,UPI,Grocery Shopping,571.73,404.18
2024-04-17,Investments,Wallet,Fixed Deposits,1575.58,482.39
2024-04-01,Subscriptions,Netbanking,Netflix Subscription,4046.02,2.64
2024-04-11,Stationary,Online,Pens & Pencils,3748.62,387.15
2024-04-14,School Fees,Cash,Books & Stationary,1618.19,429.99
2024-04-24,Groceries,Online,Dry Fruits,2274.21,235.43
2024-04-22,Stationary,Credit Card,Paper,2683.81,362.97
2024-04-08,Stationary,Debit Card,Paper,3824.04,134.47
2024-04-12,Food,Debit Card,Takeaway,3557.84,431.46
2024-04-11,Home Essentials,Netbanking,Cookware,3237.85,80.22
2024-04-09,Investments,Wallet,Stocks Purchase,3803.95,373.98
2024-04-11,Food,Cash,Cafe,1623.58,5.08
2024-04-11,Groceries,Online,Milk & Eggs,293.52,324.28
2024-04-24,Stationary,Cash,Pens & Pencils,847.81,242.79
2024-04-03,Transportation,Online,Fuel,841.22,117.49
2024-04-05,Stationary,Debit Card,Paper,2661.18,315.02
2024-04-02,Food,Netbanking,Cafe,3450.48,164.98
2024-04-17,Stationary,Debit Card,Paper,2854.81,222.46
2024-04-14,Home Essentials,Online,Cookware,1379.88,393.56
2024-04-27,Bills,Debit Card,Internet Bills,4967.35,27.57
2024-04-25,Groceries,Online,Milk & Eggs,641.13,246.81
2024-04-12,Fruits & Vegetables,UPI,Fruits,2963.36,290.36
2024-04-19,Personal Spending,UPI,Clothing,3870.23,186.3
2024-04-03,Bills,Online,Internet Bills,2825.55,37.3
2024-04-01,Investments,Netbanking,Fixed Deposits,2436.86,408.64
2024-04-26,Stationary,Wallet,Notebooks,2510.18,0.0
2024-04-14,Investments,Cash,Stocks Purchase,3918.15,310.99
2024-04-04,Subscriptions,Online,Magazine Subscription,4446.51,127.99
2024-04-10,School Fees,Netbanking,School Fees,2040.11,21.9
2024-04-20,Personal Spending,UPI,Haircut,3827.86,143.2
2024-04-14,Sports & Fitness,Wallet,Yoga Class,3957.08,234.19
2024-04-03,Groceries,Credit Card,Dry Fruits,4455.85,17.54
2024-04-06,Food,Wallet,Takeaway,2344.6,63.44
2024-04-16,Groceries,Cash,Dry Fruits,1151.34,152.28
2024-04-27,Fruits & Vegetables,Credit Card,Fruits,3919.54,340.88
2024-04-21,Stationary,Netbanking,Paper,3473.7,447.99
2024-04-23,Investments,Online,Fixed Deposits,1277.61,462.91
2024-04-18,Investments,Debit Card,Fixed Deposits,824.56,412.93
2024-04-02,Groceries,Netbanking,Pulses & Grains,1871.85,0.13
2024-04-12,Subscriptions,Wallet,Amazon Subscription,1242.74,16.8
2024-04-28,Subscriptions,Cash,Magazine Subscription,4752.06,137.92
2024-04-06,Groceries,Credit Card,Dry Fruits,679.49,174.04
2024-04-21,School Fees,UPI,Books & Stationary,2476.9,50.97
2024-04-04,Stationary,UPI,Paper,4783.03,411.62
2024-04-15,Personal Spending,Debit Card,Haircut,2071.45,167.9
2024-04-17,Transportation,Wallet,Fuel,1272.94,333.28
2024-04-03,Subscriptions,Debit Card,Netflix Subscription,2898.17,0.0
2024-04-09,Food,Credit Card,Snacks,979.68,23.37
2024-04-14,Sports & Fitness,Online,Yoga Class,786.86,448.52
2024-04-20,Personal Spending,Wallet,Clothing,83.74,0.0
2024-04-05,School Fees,Netbanking,School Fees,122.96,437.35
2024-04-06,Investments,Cash,Stocks Purchase,2790.55,0.0
2024-04-17,Investments,Wallet,Investment Bonds,3277.55,54.41
2024-04-04,Personal Spending,Netbanking,Clothing,4524.26,226.79
2024-04-27,Transportation,Debit Card,Train Ticket,662.59,132.62
2024-04-27,School Fees,Cash,Tuition Fees,33.67,154.12
2024-04-05,Groceries,Debit Card,Grocery Shopping,1683.04,423.66
2024-04-19,Sports & Fitness,Debit Card,Yoga Class,2206.37,10.28
2024-04-28,Subscriptions,Netbanking,Magazine Subscription,777.91,0.0
2024-04-02,Investments,Debit Card,Stocks Purchase,2653.56,41.46
2024-04-20,Home Essentials,Credit Card,Cookware,694.33,50.19
2024-04-24,Subscriptions,Credit Card,Netflix Subscription,3184.23,210.37
2024-04-03,Fruits & Vegetables,Wallet,Vegetables,3482.42,0.0
2024-04-27,Personal Spending,Wallet,Cosmetics,4032.21,0.0
2024-04-27,Transportation,Wallet,Taxi Fare,3303.78,480.62
2024-04-12,Sports & Fitness,Netbanking,Cricket Kit,4402.76,46.46
2024-04-03,Subscriptions,Debit Card,Spotify Subscription,3256.4,142.92
2024-04-24,Investments,Netbanking,Fixed Deposits,2919.24,496.02
2024-04-20,Home Essentials,Wallet,Furniture,1494.28,214.36
2024-04-04,Transportation,UPI,Bus Ticket,2188.92,414.02
2024-04-08,Bills,Online,Electricity Bills,314.48,187.27
2024-04-18,Subscriptions,Netbanking,Netflix Subscription,3844.82,0.0
2024-04-18,Groceries,Wallet,Pulses & Grains,3099.44,301.77
2024-04-02,School Fees,UPI,Books & Stationary,4089.82,282.57
2024-04-04,Subscriptions,Cash,Magazine Subscription,2084.76,0.0
2024-04-29,Investments,UPI,Fixed Deposits,2303.23,99.6
2024-04-17,Transportation,Debit Card,Train Ticket,3705.78,471.56
2024-04-17,Personal Spending,Credit Card,Haircut,4796.05,319.82
2024-04-02,Bills,Wallet,Water Bills,1923.96,469.48
2024-04-16,Sports & Fitness,Online,Yoga Class,3850.94,168.21
2024-04-23,Bills,Credit Card,Water Bills,2281.72,421.4
2024-04-16,Personal Spending,Debit Card,Clothing,1365.65,155.03
2024-04-08,Transportation,UPI,Bus Ticket,2527.84,444.95
2024-04-19,Subscriptions,UPI,Magazine Subscription,2653.68,499.95
2024-04-16,Personal Spending,Netbanking,Haircut,3245.39,495.98
2024-04-20,Personal Spending,Online,Clothing,1935.46,264.93
2024-04-02,Transportation,Cash,Tours,3713.33,296.7
2024-04-25,Transportation,Debit Card,Train Ticket,1388.03,216.71
2024-04-13,Personal Spending,Netbanking,Clothing,3403.91,127.97
2024-04-27,Bills,Wallet,Electricity Bills,2856.07,282.4
2024-04-02,School Fees,Debit Card,Books & Stationary,1437.18,16.92
2024-04-27,School Fees,Cash,School Fees,3686.08,118.92
2024-04-01,Investments,Online,Investment Bonds,1056.69,472.59
2024-04-09,Groceries,Netbanking,Dry Fruits,3871.47,157.84
2024-04-04,Bills,Cash,Water Bills,2858.53,226.07
2024-04-09,Home Essentials,Cash,Cleaning Supplies,3859.61,246.07
2024-04-13,Investments,Debit Card,Fixed Deposits,2191.24,419.5
2024-04-14,Groceries,Wallet,Chocolates & Biscuits,3240.31,36.22
2024-05-28,Personal Spending,Debit Card,Haircut,1153.17,299.9
2024-05-21,Food,Online,Cafe,1703.87,470.77
2024-05-10,School Fees,Credit Card,Books & Stationary,127.92,135.66
2024-05-07,Sports & Fitness,Online,Gym Membership,1709.77,237.68
2024-05-28,Stationary,Credit Card,Paper,4975.96,379.78
2024-05-18,Food,Wallet,Lunch Bills,3342.77,432.2
2024-05-27,School Fees,Credit Card,Books & Stationary,4764.92,384.43
2024-05-27,Food,Debit Card,Dinner,1773.87,142.0
2024-05-25,Transportation,Wallet,Taxi Fare,201.7,431.62
2024-05-08,Bills,Wallet,Electricity Bills,2704.08,165.97
2024-05-14,Home Essentials,Credit Card,Furniture,1478.94,453.34
2024-05-26,Bills,Online,Electricity Bills,2438.97,41.22
2024-05-13,Personal Spending,Cash,Clothing,1819.05,305.92
2024-05-17,Transportation,Debit Card,Taxi Fare,2781.45,0.0
2024-05-05,Sports & Fitness,UPI,Yoga Class,4041.8,421.73
2024-05-16,School Fees,Netbanking,Books & Stationary,2429.65,0.0
2024-05-13,Subscriptions,Wallet,Magazine Subscription,1709.38,469.91
2024-05-08,Groceries,UPI,Grocery Shopping,3304.32,177.93
2024-05-28,Groceries,Online,Dry Fruits,2513.22,309.85
2024-05-08,School Fees,Online,Books & Stationary,3505.07,362.81
2024-05-08,Fruits & Vegetables,Credit Card,Fruits,4598.49,145.16
2024-05-01,Home Essentials,Online,Cookware,4413.43,248.99
2024-05-01,Transportation,Debit Card,Bus Ticket,4860.92,419.0
2024-05-29,Subscriptions,Debit Card,Netflix Subscription,1889.17,340.1
2024-05-18,Investments,Netbanking,Fixed Deposits,1415.05,0.0
2024-05-13,Sports & Fitness,Cash,Yoga Class,1521.51,126.03
2024-05-17,Sports & Fitness,Netbanking,Cricket Kit,1420.99,398.19
2024-05-10,Home Essentials,Online,Cookware,2710.91,372.03
2024-05-10,Sports & Fitness,Wallet,Gym Membership,2291.53,458.06
2024-05-15,Bills,UPI,Water Bills,3301.08,166.44
2024-05-14,Fruits & Vegetables,Online,Fruits,48.83,186.19
2024-05-16,School Fees,Debit Card,Trips,3047.03,109.69
2024-05-09,Home Essentials,Online,Cookware,4180.43,189.5
2024-05-08,Groceries,Netbanking,Milk & Eggs,3837.05,439.03
2024-05-10,Fruits & Vegetables,Netbanking,Fruits,566.75,460.49
2024-05-14,School Fees,Wallet,Tuition Fees,1896.34,228.98
2024-05-24,Fruits & Vegetables,UPI,Vegetables,4079.61,481.02
2024-05-16,Investments,Online,Stocks Purchase,2810.43,67.11
2024-05-09,Stationary,Cash,Paper,4436.25,14.02
2024-05-21,Food,Cash,Takeaway,1776.92,458.87
2024-05-25,Transportation,Online,Taxi Fare,3629.97,72.53
2024-05-14,Stationary,Netbanking,Pens & Pencils,3672.26,0.0
2024-05-04,Home Essentials,Credit Card,Furniture,4320.64,0.0
2024-05-08,Subscriptions,Online,Amazon Subscription,2935.37,136.4
2024-05-30,School Fees,Wallet,Tuition Fees,1408.08,279.0
2024-05-02,Stationary,Netbanking,Paper,3498.47,167.17
2024-05-12,Transportation,UPI,Train Ticket,3096.83,0.0
2024-05-10,Transportation,Debit Card,Train Ticket,4408.54,314.71
2024-05-30,Sports & Fitness,UPI,Yoga Class,2294.0,324.3
2024-05-13,Bills,Wallet,Internet Bills,2163.0,382.18
2024-05-28,Bills,Cash,Internet Bills,2965.39,81.98
2024-05-04,Groceries,Wallet,Milk & Eggs,2363.41,388.26
2024-05-03,Home Essentials,Wallet,Furniture,1749.13,290.51
2024-05-11,Sports & Fitness,Credit Card,Yoga Class,2485.56,178.02
2024-05-27,Subscriptions,Wallet,Magazine Subscription,2302.0,163.2
2024-05-13,Transportation,Debit Card,Train Ticket,3444.83,345.97
2024-05-04,Bills,Online,Electricity Bills,4355.14,282.16
2024-05-19,Personal Spending,UPI,Haircut,3021.86,480.47
2024-05-21,Bills,Credit Card,Internet Bills,4403.83,365.39
2024-05-09,Sports & Fitness,Online,Cricket Kit,1349.91,161.98
2024-05-16,Sports & Fitness,Netbanking,Cricket Kit,723.42,409.06
2024-05-01,Fruits & Vegetables,Credit Card,Vegetables,2528.72,36.91
2024-05-27,School Fees,Wallet,Trips,4433.72,299.41
2024-05-22,Food,Credit Card,Takeaway,2723.87,0.0
2024-05-27,Bills,Debit Card,Internet Bills,741.33,70.77
2024-05-29,Food,Credit Card,Takeaway,4485.05,167.77
2024-05-08,Sports & Fitness,UPI,Yoga Class,4590.82,448.46
2024-05-04,Transportation,Cash,Taxi Fare,736.94,366.43
2024-05-08,Personal Spending,Wallet,Clothing,4011.56,57.01
2024-05-13,Personal Spending,Cash,Clothing,3904.29,90.39
2024-05-11,Food,Online,Lunch Bills,1730.81,317.96
2024-05-06,Subscriptions,Debit Card,Magazine Subscription,1965.49,350.85
2024-05-18,Groceries,UPI,Grocery Shopping,647.33,282.09
2024-05-07,Transportation,Cash,Tours,2344.26,31.78
2024-05-16,Transportation,UPI,Train Ticket,1702.05,0.0
2024-05-29,Personal Spending,Online,Clothing,4912.65,40.11
2024-05-07,Transportation,Netbanking,Taxi Fare,4805.05,0.0
2024-05-18,Home Essentials,Online,Furniture,3106.51,0.0
2024-05-02,Investments,Debit Card,Investment Bonds,97.81,244.86
2024-05-07,Subscriptions,Debit Card,Spotify Subscription,78.27,247.23
2024-06-09,Groceries,Online,Dry Fruits,3085.44,236.21
2024-06-09,Sports & Fitness,Online,Gym Membership,123.73,106.36
2024-06-24,Fruits & Vegetables,UPI,Fruits,4496.21,152.64
2024-06-08,Subscriptions,Online,Netflix Subscription,3993.63,147.47
2024-06-02,Personal Spending,Online,Clothing,1627.79,419.9
2024-06-12,Subscriptions,Cash,Spotify Subscription,1080.46,278.89
2024-06-11,School Fees,Online,Tuition Fees,4094.22,369.62
2024-06-14,Groceries,UPI,Dry Fruits,1895.26,249.07
2024-06-21,Transportation,UPI,Bus Ticket,2154.21,31.39
2024-06-06,Home Essentials,Cash,Cleaning Supplies,4110.48,478.6
2024-06-08,Investments,Netbanking,Investment Bonds,2585.2,11.66
2024-06-22,Stationary,Online,Notebooks,2146.03,198.67
2024-06-20,Fruits & Vegetables,Online,Vegetables,3537.55,272.51
2024-06-02,Groceries,Netbanking,Milk & Eggs,2256.92,106.14
2024-06-02,Groceries,Cash,Pulses & Grains,1222.38,477.48
2024-06-16,School Fees,Netbanking,Tuition Fees,3738.0,30.42
2024-06-26,Personal Spending,Cash,Cosmetics,1117.46,304.6
2024-06-01,Stationary,Debit Card,Pens & Pencils,3653.96,0.0
2024-06-23,Transportation,Credit Card,Train Ticket,4586.42,158.98
2024-06-16,School Fees,Wallet,Trips,3728.18,310.24
2024-06-27,Personal Spending,Online,Haircut,2689.97,104.0
2024-06-25,Bills,Wallet,Water Bills,3348.51,279.76
2024-06-27,Groceries,Cash,Dry Fruits,506.74,0.0
2024-06-18,Personal Spending,Debit Card,Clothing,194.4,486.21
2024-06-29,Bills,Wallet,Electricity Bills,3964.05,0.0
2024-06-08,Bills,Online,Internet Bills,3655.48,0.0
2024-06-01,School Fees,Online,Tuition Fees,4148.66,16.63
2024-06-29,Fruits & Vegetables,Debit Card,Fruits,3832.28,0.0
2024-06-26,Personal Spending,Netbanking,Clothing,3982.57,22.66
2024-06-28,Transportation,UPI,Fuel,3018.13,263.55
2024-06-17,Fruits & Vegetables,Online,Fruits,4504.94,0.0
2024-06-14,Investments,Debit Card,Fixed Deposits,1489.54,0.0
2024-06-12,Investments,Netbanking,Fixed Deposits,3848.95,317.36
2024-06-13,Groceries,UPI,Pulses & Grains,4316.56,457.94
2024-06-20,Bills,Debit Card,Electricity Bills,4527.53,0.0
2024-06-27,Stationary,Cash,Paper,4409.13,336.96
2024-06-26,Stationary,Debit Card,Paper,2766.87,113.3
2024-06-28,Sports & Fitness,Debit Card,Yoga Class,3159.48,0.0
2024-06-15,Stationary,Credit Card,Paper,2984.23,287.69
2024-06-11,Food,Wallet,Takeaway,3839.92,478.05
2024-06-24,Stationary,Online,Paper,2801.56,106.71
2024-06-08,School Fees,UPI,School Fees,3874.21,460.13
2024-06-11,Sports & Fitness,Wallet,Yoga Class,3879.31,451.37
2024-06-03,Subscriptions,Wallet,Magazine Subscription,3941.47,0.0
2024-06-20,Sports & Fitness,Wallet,Cricket Kit,4786.62,450.82
2024-06-12,School Fees,Cash,Books & Stationary,4691.38,221.3
2024-06-04,Transportation,Cash,Tours,874.78,0.0
2024-06-23,School Fees,UPI,Tuition Fees,3502.0,55.8
2024-06-17,Bills,Cash,Electricity Bills,4378.74,186.56
2024-06-10,Home Essentials,Cash,Furniture,4312.04,390.56
2024-06-04,Transportation,UPI,Taxi Fare,1605.62,0.0
2024-06-23,Stationary,Debit Card,Pens & Pencils,2328.9,119.38
2024-06-25,Subscriptions,Debit Card,Magazine Subscription,4496.64,355.21
2024-06-26,Transportation,Debit Card,Fuel,1463.06,191.27
2024-06-18,Subscriptions,Netbanking,Magazine Subscription,3547.64,0.0
2024-06-08,Fruits & Vegetables,Wallet,Fruits,68.32,188.44
2024-06-19,Groceries,Cash,Dry Fruits,4095.53,22.42
2024-06-17,Bills,Online,Internet Bills,2920.55,53.08
2024-06-19,Home Essentials,Cash,Cookware,3679.67,345.35
2024-06-19,Bills,Debit Card,Water Bills,4583.48,370.06
2024-06-06,Stationary,Cash,Notebooks,4530.29,377.89
2024-06-14,Investments,Wallet,Investment Bonds,4250.7,98.64
2024-06-01,School Fees,Debit Card,Books & Stationary,4813.13,199.26
2024-06-11,Stationary,Debit Card,Notebooks,2484.28,308.1
2024-06-11,Sports & Fitness,Debit Card,Gym Membership,2863.21,288.22
2024-06-03,School Fees,Cash,Tuition Fees,2780.46,50.31
2024-06-01,Sports & Fitness,Online,Cricket Kit,722.18,347.29
2024-06-23,Personal Spending,Netbanking,Cosmetics,4446.69,0.0
2024-06-13,Bills,Credit Card,Electricity Bills,3230.86,112.45
2024-06-22,Personal Spending,Cash,Haircut,4710.31,192.31
2024-06-11,Food,Debit Card,Cafe,3714.9,51.06
2024-06-16,Food,Online,Snacks,3549.87,105.76
2024-06-08,Stationary,Netbanking,Paper,721.48,372.31
2024-06-07,Groceries,UPI,Grocery Shopping,4040.99,276.46
2024-06-16,Bills,Cash,Water Bills,12.86,20.52
2024-06-13,Stationary,Credit Card,Notebooks,3580.39,0.0
2024-06-23,School Fees,Debit Card,Books & Stationary,4270.91,336.88
2024-06-18,Personal Spending,Credit Card,Cosmetics,4533.95,340.24
2024-06-19,Transportation,Wallet,Fuel,2456.85,205.58
2024-06-08,Sports & Fitness,Netbanking,Gym Membership,3553.55,234.29
2024-06-12,Food,Wallet,Snacks,3018.36,54.59
2024-06-19,Sports & Fitness,Cash,Cricket Kit,1859.33,160.76
2024-06-21,Transportation,UPI,Fuel,3955.95,0.0
2024-06-28,School Fees,Netbanking,School Fees,3751.55,405.23
2024-06-20,Groceries,Wallet,Milk & Eggs,920.14,419.67
2024-06-07,Subscriptions,Credit Card,Spotify Subscription,915.86,342.99
2024-06-18,Fruits & Vegetables,Credit Card,Vegetables,2094.13,438.89
2024-06-28,Stationary,Netbanking,Paper,1474.76,326.44
2024-06-12,Food,Cash,Cafe,1009.84,420.58
2024-06-21,Sports & Fitness,Debit Card,Cricket Kit,2661.49,447.23
2024-06-18,Transportation,Netbanking,Train Ticket,382.01,446.71
2024-06-14,Food,UPI,Lunch Bills,4925.87,316.75
2024-06-22,Stationary,Netbanking,Notebooks,2500.82,0.0
2024-06-10,Bills,Online,Water Bills,4460.44,151.4
2024-06-12,Investments,Debit Card,Stocks Purchase,2791.03,380.38
2024-07-24,Subscriptions,Wallet,Spotify Subscription,1299.21,457.57
2024-07-13,Investments,UPI,Fixed Deposits,964.43,299.61
2024-07-03,Subscriptions,Cash,Netflix Subscription,3360.99,495.09
2024-07-19,Investments,Debit Card,Investment Bonds,3401.21,0.0
2024-07-28,School Fees,Debit Card,Trips,1058.26,268.93
2024-07-13,Bills,Cash,Water Bills,1680.86,65.51
2024-07-11,Bills,UPI,Electricity Bills,4847.82,67.45
2024-07-14,Investments,Cash,Investment Bonds,2848.97,406.07
2024-07-24,Home Essentials,Netbanking,Cookware,4064.11,159.88
2024-07-25,Bills,UPI,Electricity Bills,2365.52,299.46
2024-07-19,Fruits & Vegetables,Netbanking,Vegetables,1156.2,49.11
2024-07-19,Fruits & Vegetables,Cash,Fruits,1838.43,183.4
2024-07-04,Home Essentials,Wallet,Furniture,1516.42,89.07
2024-07-16,Investments,Online,Fixed Deposits,1335.65,0.0
2024-07-21,Home Essentials,Debit Card,Cookware,4381.81,129.67
2024-07-06,Transportation,Wallet,Bus Ticket,2839.71,104.67
2024-07-22,Stationary,Debit Card,Notebooks,3209.49,354.25
2024-07-26,Bills,Debit Card,Electricity Bills,3333.11,147.43
2024-07-12,Sports & Fitness,UPI,Yoga Class,2520.01,40.73
2024-07-02,Fruits & Vegetables,Cash,Fruits,4139.08,0.0
2024-07-17,Home Essentials,Wallet,Cookware,2794.83,190.24
2024-07-09,Home Essentials,Online,Furniture,902.27,17.05
2024-07-05,Bills,Debit Card,Internet Bills,43.65,206.17
2024-07-06,School Fees,Cash,School Fees,4504.26,0.0
2024-07-10,Investments,Debit Card,Fixed Deposits,2232.13,150.8
2024-07-14,Groceries,Online,Grocery Shopping,4738.13,405.72
2024-07-21,Stationary,UPI,Paper,1775.17,392.09
2024-07-20,Sports & Fitness,Credit Card,Yoga Class,1533.68,80.16
2024-07-21,Subscriptions,Online,Magazine Subscription,2535.42,410.17
2024-07-22,Food,Cash,Cafe,3581.79,330.1
2024-07-20,Subscriptions,Online,Magazine Subscription,657.11,330.62
2024-07-05,Sports & Fitness,Cash,Cricket Kit,2030.12,442.99
2024-07-24,Food,Credit Card,Dinner,856.85,451.3
2024-07-27,Home Essentials,UPI,Cleaning Supplies,457.34,441.74
2024-07-08,Groceries,UPI,Pulses & Grains,932.12,0.0
2024-07-27,Fruits & Vegetables,Online,Fruits,549.72,49.04
2024-07-07,Stationary,Netbanking,Notebooks,3281.86,137.37
2024-07-12,Fruits & Vegetables,Netbanking,Fruits,214.95,439.5
2024-07-25,Home Essentials,Cash,Cleaning Supplies,2325.94,304.61
2024-07-24,Home Essentials,Wallet,Furniture,793.43,476.2
2024-07-30,Transportation,UPI,Train Ticket,4040.15,16.4
2024-07-20,Personal Spending,Debit Card,Clothing,3765.58,142.84
2024-07-04,Investments,Wallet,Stocks Purchase,3396.44,211.04
2024-07-23,Food,Netbanking,Cafe,1772.26,371.7
2024-07-22,Investments,Online,Fixed Deposits,4979.33,189.95
2024-07-01,Investments,Debit Card,Fixed Deposits,4502.4,267.01
2024-07-01,Fruits & Vegetables,Cash,Fruits,3282.06,473.97
2024-07-12,Personal Spending,Debit Card,Clothing,1243.39,217.25
2024-07-08,Bills,Online,Water Bills,1379.54,26.25
2024-07-21,Subscriptions,Cash,Spotify Subscription,1862.56,322.48
2024-07-30,Subscriptions,Credit Card,Amazon Subscription,4893.91,189.66
2024-07-28,Personal Spending,Wallet,Clothing,1726.51,262.38
2024-07-13,Transportation,Netbanking,Bus Ticket,3430.46,0.0
2024-07-16,Groceries,UPI,Grocery Shopping,493.58,389.95
2024-07-01,Stationary,Netbanking,Notebooks,1494.48,416.97
2024-07-05,Subscriptions,Debit Card,Amazon Subscription,2672.66,255.39
2024-07-22,School Fees,Online,School Fees,4858.85,365.55
2024-07-16,Subscriptions,Online,Spotify Subscription,1762.84,103.38
2024-07-29,Fruits & Vegetables,Wallet,Vegetables,3461.49,227.24
2024-07-15,Groceries,Debit Card,Chocolates & Biscuits,2938.09,396.46
2024-07-14,Transportation,UPI,Train Ticket,3871.18,106.0
2024-07-23,Investments,Credit Card,Fixed Deposits,2201.85,103.25
2024-07-24,Sports & Fitness,Online,Yoga Class,3287.7,0.0
2024-07-11,Subscriptions,UPI,Netflix Subscription,4151.34,177.86
2024-07-28,Investments,Online,Stocks Purchase,1278.32,237.58
2024-07-18,Groceries,Debit Card,Milk & Eggs,2022.68,393.97
2024-07-30,Investments,Debit Card,Fixed Deposits,3223.38,269.22
2024-07-09,School Fees,Debit Card,Tuition Fees,129.76,397.92
2024-07-16,Subscriptions,Wallet,Netflix Subscription,943.53,214.19
2024-07-03,Fruits & Vegetables,Debit Card,Fruits,2785.05,0.0
2024-07-19,School Fees,Netbanking,Tuition Fees,4684.73,174.07
2024-07-23,Fruits & Vegetables,Wallet,Fruits,525.26,376.86
2024-07-10,Stationary,Debit Card,Pens & Pencils,1155.71,384.92
2024-07-10,Sports & Fitness,Debit Card,Yoga Class,1970.8,169.74
2024-07-16,Investments,Credit Card,Investment Bonds,4009.88,269.03
2024-07-16,Stationary,Debit Card,Paper,639.12,282.64
2024-07-17,Transportation,Credit Card,Tours,2940.36,0.0
2024-07-30,Investments,Wallet,Investment Bonds,3393.37,0.0
2024-07-07,Investments,Debit Card,Investment Bonds,3961.32,485.32
2024-07-07,Bills,Online,Electricity Bills,4269.59,178.83
2024-07-27,Investments,Credit Card,Investment Bonds,639.4,0.0
2024-07-19,Food,Netbanking,Cafe,3853.27,270.61
2024-07-01,School Fees,Cash,Books & Stationary,308.98,92.79
2024-07-05,Stationary,Credit Card,Notebooks,1006.73,102.27
2024-07-12,Subscriptions,Credit Card,Amazon Subscription,4430.3,421.2
2024-07-01,Bills,Credit Card,Electricity Bills,4460.97,192.8
2024-07-11,Personal Spending,Netbanking,Clothing,3474.93,97.13
2024-07-02,Sports & Fitness,Cash,Gym Membership,921.86,281.09
2024-07-28,Groceries,Netbanking,Grocery Shopping,877.25,222.85
2024-07-12,Investments,Cash,Fixed Deposits,2619.92,244.79
2024-07-27,Stationary,Online,Paper,701.25,161.46
2024-07-02,Bills,Cash,Water Bills,3379.26,256.96
2024-07-27,Subscriptions,Credit Card,Spotify Subscription,4865.89,0.0
2024-07-13,Investments,Debit Card,Fixed Deposits,2832.61,499.14
2024-07-27,School Fees,UPI,School Fees,2615.32,85.71
2024-08-24,Groceries,Online,Dry Fruits,3858.67,300.55
2024-08-14,Sports & Fitness,Online,Yoga Class,4159.61,226.05
2024-08-13,Investments,Credit Card,Fixed Deposits,2269.67,301.11
2024-08-13,Fruits & Vegetables,Wallet,Fruits,4231.7,334.92
2024-08-30,Food,Online,Cafe,1762.5,35.33
2024-08-27,Home Essentials,Netbanking,Furniture,134.77,440.74
2024-08-25,Food,Debit Card,Lunch Bills,2648.62,160.45
2024-08-05,School Fees,Credit Card,School Fees,1572.36,458.2
2024-08-20,Home Essentials,Online,Cookware,2808.91,0.0
2024-08-29,Subscriptions,Credit Card,Spotify Subscription,3678.26,243.64
2024-08-08,Home Essentials,Cash,Cleaning Supplies,1738.44,355.68
2024-08-30,Fruits & Vegetables,Netbanking,Vegetables,4928.7,351.4
2024-08-26,Stationary,UPI,Paper,2456.76,26.53
2024-08-27,Subscriptions,UPI,Amazon Subscription,4870.68,494.3
2024-08-06,Groceries,Wallet,Grocery Shopping,2077.43,485.53
2024-08-07,Transportation,Online,Fuel,4640.77,277.66
2024-08-13,Bills,Online,Water Bills,2875.78,74.48
2024-08-23,Bills,Online,Water Bills,2076.29,14.18
2024-08-15,Home Essentials,Debit Card,Furniture,1055.98,275.25
2024-08-12,Groceries,Cash,Milk & Eggs,2394.13,477.56
2024-08-04,Transportation,Credit Card,Train Ticket,3706.86,197.93
2024-08-05,Bills,Wallet,Internet Bills,4184.44,287.02
2024-08-24,Stationary,Netbanking,Paper,3275.84,26.39
2024-08-17,Food,Credit Card,Cafe,4262.96,64.16
2024-08-15,Stationary,Wallet,Notebooks,1401.76,306.54
2024-08-12,Personal Spending,Netbanking,Clothing,1926.34,0.0
2024-08-21,Home Essentials,UPI,Furniture,1758.48,0.0
2024-08-01,Groceries,Debit Card,Milk & Eggs,2792.02,47.5
2024-08-09,Fruits & Vegetables,Credit Card,Vegetables,1020.31,391.27
2024-08-05,Sports & Fitness,Credit Card,Cricket Kit,3745.29,403.16
2024-08-30,Home Essentials,Cash,Furniture,878.41,310.31
2024-08-05,Groceries,Credit Card,Chocolates & Biscuits,80.51,0.0
2024-08-14,Sports & Fitness,Online,Gym Membership,4092.23,446.64
2024-08-13,Food,Credit Card,Cafe,3152.2,37.53
2024-08-09,Fruits & Vegetables,UPI,Fruits,4224.76,366.34
2024-08-18,Home Essentials,Credit Card,Cleaning Supplies,74.91,0.0
2024-08-25,Sports & Fitness,Online,Yoga Class,3535.51,247.15
2024-08-22,Subscriptions,Wallet,Magazine Subscription,2418.51,0.0
2024-08-19,School Fees,UPI,Trips,1456.03,239.5
2024-08-07,School Fees,Wallet,Books & Stationary,1845.87,0.0
2024-08-07,Fruits & Vegetables,Cash,Vegetables,2208.1,320.71
2024-08-05,Groceries,Cash,Pulses & Grains,83.77,79.31
2024-08-15,Sports & Fitness,Online,Yoga Class,3235.53,20.44
2024-08-02,Transportation,UPI,Train Ticket,815.24,143.35
2024-08-05,School Fees,Online,Tuition Fees,4112.86,122.97
2024-08-08,Food,Wallet,Lunch Bills,2474.2,263.42
2024-08-24,Home Essentials,Netbanking,Cookware,985.67,198.17
2024-08-11,Sports & Fitness,Wallet,Gym Membership,4281.94,418.99
2024-08-01,Investments,Online,Fixed Deposits,1785.36,206.79
2024-08-05,School Fees,Debit Card,Books & Stationary,2500.46,0.0
2024-08-01,School Fees,Credit Card,Tuition Fees,874.17,343.64
2024-08-23,Fruits & Vegetables,Wallet,Vegetables,4865.97,448.68
2024-08-12,Investments,Credit Card,Stocks Purchase,156.39,42.2
2024-08-18,Stationary,Netbanking,Paper,2025.0,358.46
2024-08-25,Transportation,Netbanking,Taxi Fare,3255.73,196.85
2024-08-20,Personal Spending,UPI,Cosmetics,2375.86,341.47
2024-08-09,Personal Spending,Cash,Clothing,3601.88,404.36
2024-08-20,Stationary,Debit Card,Notebooks,1230.91,0.0
2024-08-29,Fruits & Vegetables,Credit Card,Fruits,672.98,0.0
2024-08-15,Groceries,UPI,Chocolates & Biscuits,2982.96,352.69
2024-08-18,School Fees,Online,Tuition Fees,1365.91,0.0
2024-08-25,Subscriptions,Online,Spotify Subscription,3023.72,35.37
2024-08-29,Sports & Fitness,Cash,Gym Membership,640.6,0.0
2024-08-04,Groceries,Wallet,Pulses & Grains,2897.17,247.19
2024-08-05,Sports & Fitness,Credit Card,Cricket Kit,4153.63,0.0
2024-08-08,Stationary,Netbanking,Pens & Pencils,1962.68,187.83
2024-08-02,Sports & Fitness,Online,Gym Membership,2790.41,231.98
2024-08-14,Personal Spending,Cash,Haircut,111.84,56.17
2024-08-09,Home Essentials,UPI,Cleaning Supplies,635.25,392.31
2024-08-14,Stationary,Credit Card,Paper,4552.86,118.43
2024-08-02,Home Essentials,Netbanking,Cleaning Supplies,4874.03,498.75
2024-08-20,Transportation,Wallet,Bus Ticket,2210.45,325.97
2024-08-20,Groceries,Cash,Dry Fruits,18.72,164.16
2024-08-30,Investments,Credit Card,Investment Bonds,4520.44,202.7
2024-08-06,Home Essentials,Netbanking,Cleaning Supplies,4014.04,432.23
2024-08-04,Personal Spending,Netbanking,Haircut,4280.78,373.47
2024-08-27,Investments,UPI,Stocks Purchase,1430.03,424.12
2024-08-20,Food,Wallet,Snacks,3933.14,0.0
2024-08-25,Fruits & Vegetables,Credit Card,Vegetables,3485.7,0.0
2024-08-02,Food,Online,Takeaway,2061.94,97.19
2024-08-28,Bills,Debit Card,Internet Bills,516.75,120.4
2024-08-17,Stationary,Wallet,Paper,2407.56,0.0
2024-08-23,Fruits & Vegetables,Cash,Fruits,613.39,28.86
2024-08-10,Fruits & Vegetables,Online,Vegetables,2470.53,211.83
2024-08-23,Investments,Debit Card,Fixed Deposits,1540.8,398.45
2024-08-16,Subscriptions,Online,Netflix Subscription,4108.86,350.54
2024-08-02,Fruits & Vegetables,Debit Card,Vegetables,3535.91,14.72
2024-08-04,Personal Spending,UPI,Clothing,3780.79,441.29
2024-08-01,Transportation,Credit Card,Fuel,2781.54,346.39
2024-08-15,Personal Spending,Online,Haircut,329.21,312.69
2024-08-27,Groceries,UPI,Dry Fruits,1328.27,255.56
2024-08-15,Transportation,UPI,Fuel,208.78,0.0
2024-09-28,Groceries,Wallet,Chocolates & Biscuits,4433.49,35.02
2024-09-06,Home Essentials,Cash,Cleaning Supplies,2749.98,338.1
2024-09-13,Food,Cash,Dinner,612.75,133.99
2024-09-21,Food,Online,Lunch Bills,1403.37,0.0
2024-09-03,Sports & Fitness,Wallet,Cricket Kit,3094.24,451.72
2024-09-25,Investments,Debit Card,Fixed Deposits,2729.47,73.73
2024-09-26,Fruits & Vegetables,Debit Card,Fruits,1960.04,440.1
2024-09-17,Groceries,Netbanking,Milk & Eggs,3338.14,104.64
2024-09-22,Personal Spending,Credit Card,Cosmetics,4288.65,85.64
2024-09-25,Transportation,Cash,Fuel,969.22,251.48
2024-09-13,Food,UPI,Lunch Bills,879.79,381.25
2024-09-26,Fruits & Vegetables,Credit Card,Fruits,2852.61,242.32
2024-09-08,Personal Spending,Cash,Clothing,3302.87,351.87
2024-09-08,Groceries,Cash,Chocolates & Biscuits,4749.42,415.71
2024-09-18,Bills,Netbanking,Water Bills,1304.83,98.87
2024-09-29,Stationary,Online,Pens & Pencils,3507.84,265.88
2024-09-28,Sports & Fitness,Netbanking,Yoga Class,2204.08,330.24
2024-09-11,Bills,Credit Card,Water Bills,3220.46,472.43
2024-09-14,Fruits & Vegetables,Wallet,Vegetables,2442.57,17.35
2024-09-11,Transportation,Cash,Fuel,2529.31,452.76
2024-09-20,Bills,Cash,Internet Bills,2629.42,390.22
2024-09-24,Food,Wallet,Snacks,1421.11,349.82
2024-09-19,Subscriptions,Credit Card,Magazine Subscription,3592.53,118.51
2024-09-15,Investments,Netbanking,Fixed Deposits,965.63,35.61
2024-09-08,Bills,Debit Card,Water Bills,4825.2,0.0
2024-09-22,Personal Spending,Credit Card,Cosmetics,2230.37,227.47
2024-09-01,Groceries,Netbanking,Grocery Shopping,626.6,0.0
2024-09-28,Personal Spending,Debit Card,Cosmetics,32.25,34.95
2024-09-29,Fruits & Vegetables,Online,Vegetables,4770.18,229.0
2024-09-12,Food,Online,Snacks,1129.57,0.0
2024-09-29,Food,Cash,Takeaway,1463.11,195.19
2024-09-03,Stationary,Netbanking,Paper,2716.06,97.2
2024-09-23,Groceries,UPI,Dry Fruits,2396.44,481.5
2024-09-12,Subscriptions,Online,Magazine Subscription,1781.03,408.31
2024-09-01,School Fees,Debit Card,Tuition Fees,1578.5,0.0
2024-09-29,Bills,Credit Card,Water Bills,2837.28,465.5
2024-09-20,Bills,Debit Card,Electricity Bills,3626.51,32.96
2024-09-03,Food,UPI,Dinner,4663.35,9.79
2024-09-19,Groceries,Debit Card,Chocolates & Biscuits,261.54,161.75
2024-09-15,Fruits & Vegetables,Debit Card,Vegetables,4599.37,235.07
2024-09-19,Home Essentials,Online,Furniture,4276.67,464.68
2024-09-25,Transportation,UPI,Train Ticket,2064.81,0.0
2024-09-19,Bills,Cash,Water Bills,4992.28,457.35
2024-09-04,Subscriptions,UPI,Amazon Subscription,3254.73,359.71
2024-09-22,Subscriptions,UPI,Magazine Subscription,814.64,179.85
2024-09-07,Subscriptions,Debit Card,Magazine Subscription,480.56,269.69
2024-09-01,Home Essentials,Wallet,Furniture,4939.76,190.74
2024-09-22,Food,Netbanking,Snacks,2277.99,87.4
2024-09-02,School Fees,UPI,School Fees,3528.84,0.0
2024-09-17,Groceries,Cash,Pulses & Grains,2567.56,309.44
2024-09-29,Bills,Cash,Water Bills,243.78,272.05
2024-09-21,Home Essentials,Netbanking,Furniture,1408.95,0.0
2024-09-12,Transportation,UPI,Fuel,4749.11,202.52
2024-09-25,Groceries,Wallet,Milk & Eggs,1070.79,236.47
2024-09-11,Bills,Credit Card,Electricity Bills,1915.87,463.85
2024-09-29,Home Essentials,Debit Card,Cleaning Supplies,1406.8,101.07
2024-09-14,Subscriptions,Wallet,Spotify Subscription,4889.69,418.13
2024-09-24,Transportation,Debit Card,Tours,4409.51,0.0
2024-09-13,Food,UPI,Takeaway,1117.6,131.73
2024-09-10,Stationary,UPI,Pens & Pencils,3804.31,316.66
2024-09-02,Transportation,Debit Card,Train Ticket,2307.77,487.61
2024-09-18,Personal Spending,Debit Card,Cosmetics,2431.51,411.03
2024-09-04,School Fees,Online,Books & Stationary,592.61,379.9
2024-09-15,School Fees,Cash,Books & Stationary,672.96,382.28
2024-09-18,Bills,Cash,Internet Bills,1892.66,269.63
2024-09-04,Groceries,Credit Card,Dry Fruits,780.25,287.59
2024-09-29,Fruits & Vegetables,Wallet,Vegetables,3056.68,288.36
2024-09-20,Sports & Fitness,Netbanking,Gym Membership,4674.25,431.97
2024-09-08,Investments,Credit Card,Investment Bonds,713.7,302.52
2024-09-24,Bills,Cash,Water Bills,1647.42,383.0
2024-09-05,School Fees,Debit Card,Books & Stationary,2001.99,234.19
2024-09-11,Stationary,Credit Card,Pens & Pencils,4389.9,313.66
2024-09-24,Groceries,Wallet,Dry Fruits,1515.1,88.78
2024-09-07,Investments,Netbanking,Investment Bonds,1059.97,44.46
2024-09-05,Food,Netbanking,Cafe,2720.46,159.44
2024-09-14,Investments,Debit Card,Stocks Purchase,386.45,471.66
2024-09-29,Sports & Fitness,Debit Card,Cricket Kit,4101.88,95.21
2024-09-29,Home Essentials,Debit Card,Cleaning Supplies,2121.4,46.62
2024-09-23,Sports & Fitness,Credit Card,Cricket Kit,560.78,0.0
2024-09-04,Food,Netbanking,Takeaway,3819.37,88.55
2024-09-07,Groceries,Online,Pulses & Grains,2732.2,394.2
2024-09-12,Fruits & Vegetables,Credit Card,Fruits,3504.49,347.28
2024-09-24,Home Essentials,Credit Card,Furniture,2033.39,0.0
2024-09-20,School Fees,Online,Books & Stationary,4121.92,54.34
2024-10-19,Food,Online,Cafe,2522.49,0.0
2024-10-10,Groceries,UPI,Pulses & Grains,2424.75,386.42
2024-10-15,Bills,Debit Card,Electricity Bills,4047.29,20.49
2024-10-20,Subscriptions,Wallet,Spotify Subscription,1074.38,397.8
2024-10-02,Bills,Online,Water Bills,1955.13,356.0
2024-10-06,Transportation,Netbanking,Bus Ticket,129.88,394.56
2024-10-21,Groceries,Debit Card,Milk & Eggs,3479.3,410.38
2024-10-27,Sports & Fitness,Netbanking,Gym Membership,2711.8,369.71
2024-10-12,School Fees,Wallet,School Fees,1054.11,340.55
2024-10-14,Subscriptions,Netbanking,Amazon Subscription,4850.67,313.63
2024-10-19,Sports & Fitness,Online,Yoga Class,3390.25,271.98
2024-10-20,Transportation,Online,Train Ticket,3238.94,0.0
2024-10-11,Home Essentials,Wallet,Cleaning Supplies,3429.86,321.48
2024-10-01,School Fees,Debit Card,Books & Stationary,4369.78,113.83
2024-10-25,Personal Spending,Debit Card,Clothing,4506.66,394.68
2024-10-05,Stationary,Wallet,Pens & Pencils,4867.51,239.59
2024-10-25,Groceries,Cash,Milk & Eggs,4466.47,103.25
2024-10-29,Stationary,Wallet,Pens & Pencils,1224.24,409.21
2024-10-02,Food,Cash,Lunch Bills,4214.42,35.42
2024-10-19,Bills,Credit Card,Electricity Bills,212.11,393.39
2024-10-13,Stationary,UPI,Paper,4006.8,21.76
2024-10-24,Groceries,Online,Grocery Shopping,1894.41,235.32
2024-10-16,School Fees,Debit Card,Books & Stationary,2489.8,193.62
2024-10-28,Sports & Fitness,Netbanking,Gym Membership,3047.02,187.38
2024-10-06,Fruits & Vegetables,Debit Card,Vegetables,207.16,169.48
2024-10-18,School Fees,Credit Card,Trips,2665.2,9.32
2024-10-15,Sports & Fitness,Debit Card,Cricket Kit,83.49,473.24
2024-10-13,Food,UPI,Snacks,3260.44,219.59
2024-10-21,Investments,Online,Investment Bonds,1874.88,0.0
2024-10-10,Sports & Fitness,Netbanking,Yoga Class,4063.29,481.76
2024-10-12,Subscriptions,Wallet,Magazine Subscription,3783.77,444.67
2024-10-25,Groceries,Wallet,Dry Fruits,883.11,419.7
2024-10-11,Groceries,Debit Card,Milk & Eggs,389.63,49.55
2024-10-14,Groceries,Netbanking,Milk & Eggs,4539.12,440.79
2024-10-07,Subscriptions,Credit Card,Netflix Subscription,4593.88,162.46
2024-10-15,Bills,Cash,Internet Bills,3665.95,266.6
2024-10-21,Subscriptions,Netbanking,Magazine Subscription,3369.7,392.82
2024-10-17,Sports & Fitness,Credit Card,Cricket Kit,177.47,281.96
2024-10-16,Investments,Debit Card,Stocks Purchase,2537.35,388.28
2024-10-24,Fruits & Vegetables,Netbanking,Fruits,4218.35,160.35
2024-10-02,Transportation,Netbanking,Tours,2389.55,79.39
2024-10-18,School Fees,Online,Books & Stationary,4606.85,186.16
2024-10-29,Personal Spending,Netbanking,Haircut,4713.62,385.32
2024-10-18,Personal Spending,Netbanking,Cosmetics,3609.2,61.33
2024-10-28,Food,Netbanking,Lunch Bills,2721.99,497.44
2024-10-08,Stationary,Debit Card,Paper,4475.42,198.91
2024-10-21,Sports & Fitness,Cash,Gym Membership,412.94,425.11
2024-10-13,Groceries,Cash,Milk & Eggs,2826.17,475.47
2024-10-07,Investments,Wallet,Fixed Deposits,883.73,0.0
2024-10-11,Sports & Fitness,Credit Card,Cricket Kit,322.51,421.09
2024-10-09,School Fees,Cash,Trips,3276.55,495.2
2024-10-20,Bills,Credit Card,Water Bills,2139.94,351.15
2024-10-25,Personal Spending,Wallet,Clothing,4150.43,0.0
2024-10-02,Investments,UPI,Investment Bonds,3956.24,198.49
2024-10-13,Bills,Cash,Internet Bills,3924.05,11.8
2024-10-28,Transportation,Debit Card,Fuel,94.94,412.33
2024-10-11,Investments,Wallet,Stocks Purchase,779.06,87.19
2024-10-16,School Fees,Netbanking,Books & Stationary,4549.13,78.38
2024-10-18,Investments,Netbanking,Stocks Purchase,3859.14,410.35
2024-10-29,School Fees,Online,Books & Stationary,200.3,0.0
2024-10-11,Home Essentials,Netbanking,Furniture,54.63,354.08
2024-10-02,Bills,Wallet,Electricity Bills,1967.29,0.0
2024-10-15,Bills,Online,Electricity Bills,4314.75,342.87
2024-10-04,Transportation,UPI,Tours,4085.18,0.0
2024-10-15,Groceries,Netbanking,Dry Fruits,4187.07,210.85
2024-10-30,Transportation,Credit Card,Fuel,3516.53,171.55
2024-10-19,Personal Spending,Online,Cosmetics,1071.74,207.03
2024-10-15,School Fees,Cash,School Fees,1693.18,49.58
2024-10-29,Groceries,Credit Card,Dry Fruits,2322.79,442.65
2024-10-05,Home Essentials,Cash,Cleaning Supplies,2198.45,145.61
2024-10-05,Subscriptions,Debit Card,Spotify Subscription,254.38,479.59
2024-10-03,Bills,Credit Card,Water Bills,3882.39,366.06
2024-10-22,Personal Spending,Online,Haircut,3813.31,305.62
2024-10-30,School Fees,Netbanking,School Fees,1954.8,41.76
2024-10-02,Sports & Fitness,Wallet,Cricket Kit,4819.31,208.89
2024-10-03,Transportation,Online,Bus Ticket,2385.41,119.45
2024-10-27,Groceries,Credit Card,Chocolates & Biscuits,3181.57,292.2
2024-10-08,School Fees,Debit Card,School Fees,4419.52,0.0
2024-10-14,Transportation,Cash,Bus Ticket,868.05,470.35
2024-10-02,Groceries,Wallet,Dry Fruits,1166.1,110.02
2024-10-16,Investments,UPI,Stocks Purchase,4302.78,79.23
2024-10-17,Stationary,Wallet,Paper,4661.6,0.0
2024-10-21,Transportation,Online,Train Ticket,3002.31,9.28
2024-10-05,School Fees,Wallet,Tuition Fees,408.58,296.65
2024-10-07,Bills,Debit Card,Water Bills,853.76,300.08
2024-10-09,Fruits & Vegetables,UPI,Fruits,2778.28,469.84
2024-10-11,Fruits & Vegetables,Online,Fruits,3875.82,387.18
2024-11-22,Food,Netbanking,Takeaway,4127.85,336.86
2024-11-02,Subscriptions,Debit Card,Amazon Subscription,141.81,200.43
2024-11-13,Food,Netbanking,Dinner,4280.22,180.85
2024-11-02,Stationary,Cash,Paper,4120.65,30.57
2024-11-15,Transportation,UPI,Bus Ticket,3589.18,330.83
2024-11-02,Transportation,Online,Taxi Fare,3920.59,287.73
2024-11-18,Groceries,UPI,Milk & Eggs,1195.7,87.41
2024-11-06,Food,Online,Snacks,2216.43,426.4
2024-11-18,Personal Spending,Netbanking,Cosmetics,2274.85,165.28
2024-11-08,Sports & Fitness,Cash,Gym Membership,465.12,33.2
2024-11-21,Personal Spending,Online,Cosmetics,4367.72,396.94
2024-11-19,Investments,Cash,Stocks Purchase,696.65,239.12
2024-11-04,Bills,Wallet,Electricity Bills,1316.71,0.0
2024-11-05,Bills,Debit Card,Electricity Bills,2664.2,68.44
2024-11-09,Home Essentials,Netbanking,Furniture,3534.87,325.17
2024-11-07,Bills,Cash,Internet Bills,4764.1,33.5
2024-11-13,Sports & Fitness,Wallet,Cricket Kit,3053.96,368.84
2024-11-17,Home Essentials,Cash,Cleaning Supplies,307.13,477.18
2024-11-16,Subscriptions,Online,Spotify Subscription,2039.1,57.97
2024-11-08,Food,UPI,Dinner,1296.43,483.78
2024-11-27,Food,Wallet,Snacks,227.67,368.81
2024-11-24,School Fees,Netbanking,Books & Stationary,888.9,129.68
2024-11-27,Stationary,Debit Card,Paper,2412.48,220.1
2024-11-28,School Fees,Netbanking,Books & Stationary,817.86,218.98
2024-11-17,Transportation,UPI,Tours,4530.13,0.0
2024-11-22,Groceries,Cash,Milk & Eggs,2603.5,329.21
2024-11-09,Stationary,Netbanking,Notebooks,3379.86,0.0
2024-11-29,Food,Wallet,Lunch Bills,4255.62,207.45
2024-11-17,Subscriptions,Debit Card,Netflix Subscription,4261.08,91.15
2024-11-01,Subscriptions,UPI,Amazon Subscription,1619.3,171.38
2024-11-13,Groceries,Netbanking,Grocery Shopping,925.76,140.22
2024-11-17,Subscriptions,Debit Card,Netflix Subscription,1200.87,0.0
2024-11-21,Home Essentials,UPI,Cleaning Supplies,493.82,181.55
2024-11-18,Transportation,Debit Card,Tours,2400.39,92.67
2024-11-14,Food,Debit Card,Dinner,863.35,0.0
2024-11-26,Food,Wallet,Cafe,3330.41,15.64
2024-11-06,School Fees,UPI,Trips,342.89,104.32
2024-11-21,Bills,Debit Card,Electricity Bills,53.91,469.29
2024-11-15,Fruits & Vegetables,Debit Card,Fruits,4882.55,281.53
2024-11-12,Bills,Credit Card,Electricity Bills,2387.81,430.35
2024-11-26,School Fees,Wallet,Books & Stationary,2230.85,442.45
2024-11-27,Food,Debit Card,Cafe,1856.13,98.9
2024-11-23,School Fees,Netbanking,Books & Stationary,215.21,393.04
2024-11-16,Personal Spending,Credit Card,Cosmetics,3526.37,251.34
2024-11-14,Home Essentials,Credit Card,Cleaning Supplies,1272.79,342.52
2024-11-10,Stationary,UPI,Notebooks,1539.26,266.66
2024-11-06,Food,Debit Card,Lunch Bills,3076.71,380.64
2024-11-11,Sports & Fitness,Wallet,Yoga Class,2591.06,0.0
2024-11-25,Transportation,Wallet,Taxi Fare,2043.65,67.98
2024-11-11,Sports & Fitness,Online,Gym Membership,3933.0,299.92
2024-11-12,Personal Spending,Online,Haircut,763.83,3.18
2024-11-21,Home Essentials,Online,Cleaning Supplies,2222.86,0.0
2024-11-26,Stationary,UPI,Paper,1768.28,0.0
2024-11-26,Home Essentials,Online,Cleaning Supplies,489.08,188.21
2024-11-23,Subscriptions,Online,Netflix Subscription,702.65,200.66
2024-11-17,Subscriptions,Credit Card,Netflix Subscription,3883.35,485.2
2024-11-17,Stationary,Debit Card,Pens & Pencils,4358.26,71.35
2024-11-27,School Fees,Wallet,School Fees,3949.72,491.96
2024-11-26,Food,Cash,Dinner,3481.67,207.9
2024-11-06,Fruits & Vegetables,Debit Card,Vegetables,975.04,5.66
2024-11-24,Stationary,Credit Card,Paper,2012.3,251.35
2024-11-15,Stationary,Netbanking,Paper,4172.72,449.15
2024-11-06,Sports & Fitness,Debit Card,Yoga Class,1264.79,454.54
2024-11-25,Subscriptions,UPI,Amazon Subscription,3013.96,47.84
2024-11-05,Groceries,Credit Card,Pulses & Grains,1558.77,76.4
2024-11-14,Transportation,Credit Card,Fuel,4012.32,115.18
2024-11-01,Personal Spending,Online,Haircut,466.05,183.34
2024-11-28,Transportation,Netbanking,Taxi Fare,2393.07,173.35
2024-11-14,Sports & Fitness,Cash,Gym Membership,3837.5,290.93
2024-11-16,Personal Spending,Netbanking,Cosmetics,4587.6,45.13
2024-11-17,Subscriptions,Debit Card,Amazon Subscription,4667.39,121.54
2024-11-06,School Fees,Credit Card,Tuition Fees,2123.88,58.53
2024-11-02,Investments,Wallet,Fixed Deposits,4484.24,0.0
2024-11-21,Stationary,Credit Card,Notebooks,4513.61,126.38
2024-11-20,Investments,Netbanking,Fixed Deposits,1691.65,0.0
2024-11-03,Groceries,Cash,Dry Fruits,4527.44,282.69
2024-11-02,Groceries,Netbanking,Milk & Eggs,1307.35,487.19
2024-11-14,Fruits & Vegetables,Debit Card,Fruits,416.13,6.28
2024-11-04,Home Essentials,UPI,Cookware,1008.64,242.94
2024-11-26,Personal Spending,Cash,Clothing,4036.39,154.24
2024-11-15,Home Essentials,UPI,Cookware,423.52,323.82
2024-11-17,Food,Debit Card,Lunch Bills,1717.0,72.41
2024-11-12,Food,Cash,Takeaway,4235.03,309.45
2024-11-20,School Fees,Debit Card,Tuition Fees,3901.29,353.79
2024-11-28,Transportation,Cash,Taxi Fare,4315.89,452.06
2024-11-01,Stationary,Online,Notebooks,4923.17,109.62
2024-11-21,Transportation,Cash,Taxi Fare,968.17,211.86
2024-11-11,Fruits & Vegetables,Cash,Fruits,78.55,495.92
2024-11-08,Stationary,Netbanking,Pens & Pencils,29.59,459.7
2024-11-10,Stationary,Netbanking,Paper,3450.31,424.55
2024-11-11,School Fees,Credit Card,School Fees,3354.24,102.43
2024-11-16,Sports & Fitness,UPI,Gym Membership,1933.87,267.59
2024-11-04,Investments,Netbanking,Fixed Deposits,63.62,40.93
2024-11-13,Sports & Fitness,Cash,Yoga Class,1886.1,105.67
2024-12-14,Transportation,Cash,Tours,2792.81,24.02
2024-12-16,Transportation,Debit Card,Taxi Fare,3831.79,0.0
2024-12-08,Subscriptions,Credit Card,Netflix Subscription,316.67,179.18
2024-12-03,Subscriptions,Wallet,Spotify Subscription,915.37,244.28
2024-12-07,Home Essentials,Debit Card,Cookware,2730.66,17.27
2024-12-25,School Fees,Wallet,Trips,4785.66,251.84
2024-12-17,Subscriptions,Credit Card,Netflix Subscription,2386.09,216.25
2024-12-26,Fruits & Vegetables,Wallet,Vegetables,3972.33,112.71
2024-12-11,Groceries,Credit Card,Chocolates & Biscuits,1750.38,436.14
2024-12-25,Sports & Fitness,UPI,Yoga Class,307.64,293.68
2024-12-01,Personal Spending,Cash,Haircut,1834.21,375.71
2024-12-20,Transportation,Online,Train Ticket,3102.43,390.05
2024-12-02,Investments,UPI,Investment Bonds,2216.54,137.44
2024-12-15,School Fees,Netbanking,Trips,4863.04,435.32
2024-12-30,Bills,Cash,Electricity Bills,240.43,450.17
2024-12-16,Groceries,Cash,Chocolates & Biscuits,1534.58,0.0
2024-12-22,Groceries,UPI,Dry Fruits,2508.53,203.51
2024-12-18,Food,Debit Card,Cafe,4223.51,373.81
2024-12-14,School Fees,Netbanking,School Fees,213.67,320.04
2024-12-12,Stationary,UPI,Notebooks,4182.0,82.0
2024-12-14,Sports & Fitness,Netbanking,Yoga Class,705.03,67.44
2024-12-11,Personal Spending,Cash,Haircut,3017.2,0.0
2024-12-12,Personal Spending,Wallet,Clothing,4560.23,411.93
2024-12-22,Transportation,Debit Card,Bus Ticket,4549.93,157.94
2024-12-05,Bills,Credit Card,Water Bills,494.58,0.0
2024-12-16,Food,UPI,Dinner,3709.43,185.56
2024-12-29,Personal Spending,Credit Card,Clothing,2141.56,238.51
2024-12-11,Stationary,Credit Card,Notebooks,3452.72,62.41
2024-12-09,Investments,Debit Card,Investment Bonds,28.91,81.47
2024-12-08,Stationary,Online,Pens & Pencils,2523.94,14.11
2024-12-01,Investments,Netbanking,Investment Bonds,4072.25,493.35
2024-12-19,School Fees,Wallet,Books & Stationary,3880.52,200.73
2024-12-12,Food,Netbanking,Cafe,3893.7,203.2
2024-12-17,Food,Netbanking,Dinner,4183.34,220.01
2024-12-27,Investments,Debit Card,Investment Bonds,2693.36,86.9
2024-12-08,Bills,Credit Card,Water Bills,942.51,70.85
2024-12-12,Investments,Online,Fixed Deposits,411.86,87.8
2024-12-07,Stationary,Online,Pens & Pencils,3374.57,339.84
2024-12-03,Fruits & Vegetables,Credit Card,Vegetables,445.29,100.6
2024-12-16,Fruits & Vegetables,Netbanking,Fruits,2067.41,458.78
2024-12-19,Groceries,UPI,Pulses & Grains,3016.67,398.38
2024-12-13,Bills,Debit Card,Internet Bills,2613.25,254.43
2024-12-18,School Fees,Wallet,School Fees,1538.12,273.27
2024-12-22,Stationary,Credit Card,Pens & Pencils,46.23,473.73
2024-12-16,Personal Spending,Debit Card,Clothing,3300.48,397.19
2024-12-10,Investments,UPI,Stocks Purchase,556.74,0.0
2024-12-21,Personal Spending,Cash,Haircut,1597.27,468.62
2024-12-14,Fruits & Vegetables,UPI,Fruits,4258.07,61.65
2024-12-18,Food,UPI,Dinner,4330.05,9.8
2024-12-23,Home Essentials,Online,Furniture,2482.4,448.46
2024-12-07,Transportation,Netbanking,Fuel,4666.14,11.36
2024-12-26,Subscriptions,Debit Card,Magazine Subscription,3889.84,0.0
2024-12-28,Bills,Netbanking,Internet Bills,2167.21,214.9
2024-12-02,Subscriptions,Online,Spotify Subscription,334.92,0.0
2024-12-11,Bills,Netbanking,Internet Bills,3193.81,16.36
2024-12-19,Personal Spending,Cash,Clothing,3423.64,86.53
2024-12-01,Sports & Fitness,Credit Card,Yoga Class,3147.13,0.0
2024-12-08,Transportation,Credit Card,Bus Ticket,3572.91,168.91
2024-12-21,School Fees,Wallet,Trips,1909.34,103.05
2024-12-04,Home Essentials,Cash,Furniture,457.89,327.67
2024-12-05,Investments,Debit Card,Investment Bonds,3592.84,223.63
2024-12-18,Bills,Netbanking,Water Bills,4340.88,157.56
2024-12-14,Investments,Online,Investment Bonds,1655.11,467.83
2024-12-02,Subscriptions,Netbanking,Netflix Subscription,1866.89,364.35
2024-12-12,Personal Spending,Debit Card,Haircut,3900.68,377.63
2024-12-29,Groceries,UPI,Milk & Eggs,4313.67,355.71
2024-12-23,Personal Spending,Cash,Cosmetics,2151.51,480.65
2024-12-13,Food,Online,Takeaway,831.65,0.0
2024-12-08,Stationary,Online,Paper,845.83,492.25
2024-12-27,Subscriptions,Cash,Magazine Subscription,4085.34,80.55
2024-12-13,School Fees,Netbanking,Books & Stationary,4593.27,341.88
2024-12-10,Bills,UPI,Internet Bills,4898.34,402.43
2024-12-11,Bills,Debit Card,Internet Bills,4691.31,208.47
2024-12-10,Subscriptions,Credit Card,Spotify Subscription,2430.15,36.25
2024-12-06,Bills,UPI,Internet Bills,1636.39,269.01
2024-12-23,Food,Debit Card,Takeaway,1523.35,59.65
2024-12-13,School Fees,Online,Trips,1579.55,167.22
2024-12-02,Stationary,Online,Paper,1783.91,269.4
2024-12-16,Sports & Fitness,UPI,Cricket Kit,1599.82,156.03
2024-12-07,Transportation,UPI,Bus Ticket,4242.41,126.67
2024-12-25,Groceries,UPI,Chocolates & Biscuits,1267.92,206.74
2024-12-19,Investments,Wallet,Fixed Deposits,2626.98,415.2
2024-12-18,Groceries,Netbanking,Grocery Shopping,1884.79,407.58
2024-12-30,Fruits & Vegetables,Online,Fruits,322.97,365.01
2024-12-20,Food,Online,Snacks,648.45,422.1
2024-12-20,Personal Spending,Debit Card,Cosmetics,622.04,453.86
2024-12-04,Personal Spending,Wallet,Clothing,1240.37,499.76
2024-12-28,Sports & Fitness,Credit Card,Cricket Kit,3487.0,272.32
2024-12-26,School Fees,Online,Books & Stationary,4944.07,0.0
2024-12-15,Groceries,Online,Dry Fruits,991.89,7.73
2024-12-28,Investments,Cash,Fixed Deposits,2389.76,193.14
2024-12-10,Personal Spending,Online,Clothing,2983.92,255.96
2024-12-13,Fruits & Vegetables,Wallet,Vegetables,1386.78,0.0
